{"count":1,"self":251.951616,"total":566.9218697,"children":{"InitializeActuators":{"count":36,"self":0.0019657999999999998,"total":0.0019657999999999998,"children":null},"InitializeSensors":{"count":36,"self":0,"total":0,"children":null},"AgentSendState":{"count":253310,"self":1.5539577,"total":5.5493093999999994,"children":{"CollectObservations":{"count":405208,"self":0.7094294,"total":0.7094294,"children":null},"WriteActionMask":{"count":405208,"self":0.24116939999999998,"total":0.24116939999999998,"children":null},"RequestDecision":{"count":405208,"self":0.97530759999999994,"total":3.0447528999999998,"children":{"AgentInfo.ToProto":{"count":405168,"self":0.8833089,"total":2.0694453,"children":{"GenerateSensorData":{"count":405168,"self":1.1861363999999999,"total":1.1861363999999999,"children":null}}}}}}},"DecideAction":{"count":253310,"self":302.88647679999997,"total":302.8864847,"children":null},"AgentAct":{"count":253310,"self":6.020992,"total":6.0282544,"children":{"AgentInfo.ToProto":{"count":476,"self":0.0009532,"total":0.0072625999999999993,"children":{"GenerateSensorData":{"count":476,"self":0.0063094,"total":0.0063094,"children":null}}}}},"AgentInfo.ToProto":{"count":23798,"self":0.19277129999999998,"total":0.504227,"children":{"GenerateSensorData":{"count":23798,"self":0.3114557,"total":0.3114557,"children":null}}}},"gauges":{"SlimeAgent.CumulativeReward":{"count":24274,"max":2,"min":-2,"runningAverage":0.709402263,"value":1,"weightedAverage":0.98396194}},"metadata":{"timer_format_version":"0.1.0","start_time_seconds":"1718408520","unity_version":"2022.3.18f1","command_line_arguments":"C:\\Program Files\\Unity\\Hub\\Editor\\2022.3.18f1\\Editor\\Unity.exe -projectpath C:\\Users\\quinc\\Documents\\GitHub\\SurvivalTD -useHub -hubIPC -cloudEnvironment production -licensingIpc LicenseClient-quinc -hubSessionId 283fc24c-110e-402c-b96b-7f0715577eeb -accessToken K1Txf4P1nWQlLJlbE-0Wu5RhuD4M9PyOBFJ2tWIOW70012f","communication_protocol_version":"1.5.0","com.unity.ml-agents_version":"2.0.1","scene_name":"MLAgentTraining","end_time_seconds":"1718409087"}}